,Data,,
Region,Sum of Sales,Sum of Profit,Regional Rate of Return
Central,501239.8908,39706.3625,7.921628591
East,678781.24,91522.78,13.48339857
South,391721.905,46749.4303,11.93434161
West,725457.8245,108418.4489,14.94483142
Grand Total,2297200.86,286397.0217,12.46721724
